x_mse_expY3_,gblinear4_,predM,x_mse_sqrY3_,keras_MSE2_None_relu,xMSE24_,keras_per_relu,keras_MSE2_relu,keras_MSE2_tanh,xMSE23_,lasso_0.01_,x_mse_expY5_,gblinear6_,x_mse_sqrY5_,lasso_0.05_,x_mse_expY4_,lasso_0.3_,I,gblinear5_,gblinear3_,lasso_0.5_,x_mse_expY6_,lasso_0.1_,xMSE25_,keras_MAE2_relu,keras_r2b,x_mse_sqrY4_,xMSE26_,keras_MAE2_lgY_relu,keras_r2_relu,x_mse_sqrY6_,predPer,ridge_20.0_,ridge_30.0_,ridge_40.0_,y,ID
87.2559158325,80.6466064453,77.1701210022,78.616696167,77.4385812759,78.7110893249,75.7944178263,77.8034746894,77.7017662048,78.9775650024,80.9054250993,82.5531463623,81.4656097412,78.35231781,82.728944532,84.7066177368,90.0780990706,90.0,81.199647522,80.848059845,91.2097869723,81.2957565308,85.8312976616,78.4426963806,76.8546061198,76.8861412048,78.3912948608,78.3071083069,76.1586936951,76.9453816732,78.1081619262,76.6564353943,81.1062163225,81.0567732077,81.0017943907,79.0,90
109.514437866,107.03370285,110.42482605,112.211349487,106.721587944,111.491824341,105.647122701,104.849698034,110.845783997,111.750860596,112.215970073,109.467324829,106.429840851,111.577455139,113.718840593,109.540480042,107.88722251,119.0,104.73547287,107.215151977,106.18271466,109.469772339,112.213873032,111.216384125,107.046437581,103.537356567,111.610536194,110.875313568,107.394951121,105.562241364,111.162495423,110.219661713,106.956264306,107.228003441,107.587097835,108.0,119
93.6002380371,94.1641151428,91.8093261719,94.2888931274,93.9168769836,93.9162139893,90.9624430338,94.6328132893,92.6455352783,94.1148208618,95.465357996,93.6217971802,94.6367347717,93.7160140991,95.0573144681,93.3882659912,95.32439775,141.0,94.2306419373,94.3158470154,95.8206327269,93.9818725586,95.0819164444,93.8352897644,91.0255332947,93.7848480225,94.1602676391,93.4903091431,91.0124961853,93.0341112773,94.0032104492,91.5552574158,94.7666933507,95.2019672941,95.4567659792,87.75,141
93.1996734619,92.721295166,91.6835777283,93.1944168091,90.8005964279,93.3423683167,90.4741233826,92.8982023042,91.9556282044,93.4183509827,93.301802989,92.9080337524,92.5950454712,92.9974075317,93.3912845286,93.2522323608,92.6962661487,217.0,93.2931518555,93.0756591797,93.1925059635,93.1309692383,93.1073933543,93.0088157654,90.4686218262,89.9864952088,93.359135437,93.0527816772,91.8109011332,91.6043352763,93.1428634644,91.1249275207,92.444060966,92.9617111846,92.8560018509,92.5,217
107.598908997,110.2783844,110.487763977,110.78752594,112.771689415,110.482389832,109.783536784,112.095436622,113.664878845,110.605287933,111.386152795,108.57865448,110.869580841,110.322463989,112.105681147,108.457894898,106.452574072,232.0,110.801850891,111.01652832,105.329944324,109.102542114,110.917202474,110.13039856,109.394814809,109.323562622,110.622782898,109.95608902,110.273350271,110.514201355,110.084526062,110.090005493,110.068711307,110.243170554,109.547390458,112.75,232
93.2118804932,93.7094619751,91.7149375915,93.5121902466,92.1131235123,93.4365150452,91.2064005534,92.6223683851,92.366481781,93.6893638611,93.4576317251,93.1000427246,93.1240478516,93.4496917725,94.3872526524,93.0493164063,95.0414872885,323.0,93.4156051636,93.7812934876,95.1972336186,93.1123535156,94.522604464,93.109589386,90.8122662862,93.0883117676,93.3143417358,93.131086731,91.0788500468,91.9674853007,93.1651947021,91.2485656738,92.8310676487,93.1751392135,93.1123755429,94.75,323
94.0682876587,93.0846206665,91.6573417663,94.4140319824,93.4662931442,94.1062065124,91.6100692749,91.8763980208,92.2460800171,94.5881774903,93.9502343358,93.4647918701,93.5998321533,93.7784210205,97.072612281,93.6887023926,98.2298984039,348.0,93.7261062622,93.2651733398,98.9440096477,93.3669403076,97.6871891543,93.8240722656,91.889268748,92.6166725159,94.0893875122,93.3754257202,91.6603823344,92.1584920247,93.373286438,91.2653862,94.1652764388,94.2645402521,94.3364659936,98.25,348
111.115242004,113.233035278,110.465397644,113.387437439,115.771157837,113.351431274,111.351792908,115.823843594,113.585233307,113.177442932,113.117426614,112.450471497,113.550939941,113.879362488,113.134722278,111.789932251,112.156263834,359.0,113.595782471,113.091163635,110.746091896,112.856225586,112.886235616,113.707218933,110.53691508,114.071448517,113.656167603,114.079199219,112.061480204,112.496286011,114.165051269,110.207776642,113.141741124,113.345629701,113.047143495,108.25,359
94.0373977661,93.0396255493,91.4839263916,95.2656799316,94.7942331314,95.0837837219,90.5766537984,95.3651102,93.6382263183,95.263973999,94.3718011921,93.6357406616,93.2274620056,94.9549224854,96.1329370196,93.7975830078,98.6130724832,381.0,93.7222244263,93.0257034302,99.4009961269,94.1852157593,97.1480898693,94.8538970947,92.3258827209,94.6144073487,95.3490386963,95.0757087708,93.3376103719,92.8089116414,94.4078598023,91.2994087219,94.6238115798,94.9898079935,94.7895775035,91.5,381
104.247521973,104.371646881,103.735083008,104.351506043,108.020253563,104.121997833,105.739664205,108.413200378,109.164478302,104.127019501,103.670039541,103.597439575,103.961473084,104.260345459,103.521469734,103.803442383,104.213975113,445.0,103.508750915,103.272915649,104.175478591,104.131613159,103.555896633,104.245257568,104.263682556,107.21815567,104.15949707,104.298160553,104.595364888,105.999997203,104.582795715,103.922696686,104.17579023,103.960117787,104.381100444,115.25,445
103.979159546,104.969604492,103.3762146,104.612051392,105.103577042,104.145124054,105.44739151,106.149868669,103.112202453,104.556903076,105.556146337,103.686669922,104.503215027,104.52514801,108.070103858,103.986616516,108.664056899,481.0,104.979595184,104.441596985,107.790898208,104.171903992,109.180555311,104.744880676,104.560083771,102.280293274,104.263795471,104.84940033,104.659978994,103.512740326,104.251196289,103.669979095,105.767619144,105.597323577,105.686922405,116.5,481
110.484790039,109.200517273,110.319967651,112.100221252,111.556482506,111.747879028,110.613148244,112.077646979,112.910160065,112.142633057,111.092876856,110.496469116,109.560209656,111.812379456,111.140683903,110.807061768,109.737489764,530.0,109.384285736,109.558721924,109.327444522,110.63286438,110.479137804,111.743901062,109.55455602,111.408082581,112.168260193,111.569224548,109.598933919,110.879845683,111.724394226,110.19618454,110.68508347,110.620281023,110.673025379,111.75,530
103.659815979,102.925411224,102.735923767,103.620295715,106.076854324,103.368939209,102.441976674,103.998611713,102.837310028,103.794946289,105.079318465,103.4061203,103.046286773,103.8456604,106.066472415,103.433950806,105.831085981,554.0,103.38584671,103.224285126,105.391058574,103.310955811,106.646418424,103.686704254,102.777909088,100.303182984,103.928738403,103.868173981,103.159666952,102.775663757,103.975657654,102.196685028,104.791150125,105.416436122,105.497513532,108.75,554
94.0914047241,94.7509819031,91.5301597595,94.7550201416,92.7417497635,94.3705085754,90.5287523905,94.0890489776,96.153742981,94.9317481995,95.2889388711,93.6853286743,95.1946708679,94.6960906982,96.8314254459,93.7898956299,97.3283631678,588.0,95.0042907715,94.8156013489,97.9898465918,93.7669815063,97.5654909497,95.341305542,91.4789774577,95.6994422913,94.8975921631,94.5787879944,91.5652168274,93.5124516805,94.6804077149,91.4670394897,95.3364836365,95.6774383172,95.5250740926,87.25,588
87.4858886719,77.5148895264,77.2161186218,78.6911209106,77.2692592621,78.6281242371,74.0393465678,78.4370919589,78.5335098266,78.9363983154,78.1950622615,82.5711486816,77.3309669495,78.1963012695,78.7737896289,84.3338165283,80.9044334878,639.0,77.5267959595,77.5220001221,82.4983931059,80.8961105347,79.0454094617,78.3540481567,76.7715944926,76.4025039673,78.4817871094,78.2859649658,76.1218030294,77.1273078919,78.0041229248,76.6908187866,78.270402087,78.5923427757,78.7030829659,74.0,639
104.436734009,104.066360474,102.758657074,104.38596344,104.625170326,103.440921021,102.832527415,103.921434074,104.382811737,104.03035202,102.442507624,104.261938477,103.752599335,104.011288452,107.106887036,104.296995544,108.843613893,695.0,103.247219849,103.904654694,108.821250839,103.972836304,108.387389822,104.008898926,102.323154449,104.516762543,103.516764831,103.958289337,101.354350281,103.175404612,103.826412964,102.06134491,102.49042772,102.629011177,102.918737803,97.75,695
110.692857361,108.350704956,110.472775269,112.063180542,111.882949257,111.860359955,110.910982259,113.032679064,114.078030395,112.093408203,112.551142696,111.273309326,108.612549591,111.675978088,112.628154498,111.409809876,111.656006206,700.0,108.846645355,107.777650452,111.534073309,111.03829956,111.906512321,111.752093506,110.196261342,111.594872284,111.772418213,111.736094665,111.575435638,110.482468923,111.722080994,110.156205749,113.579775366,113.822160386,113.4930316,115.5,700
103.531686401,105.302615356,101.670321655,104.075497437,105.612925148,103.726256561,101.977087148,103.684869701,103.648123169,103.925659943,105.939916659,103.301287842,104.939178467,103.561141968,107.210990688,103.393583679,108.881208207,707.0,104.534446716,105.664201355,108.187738956,103.162664795,108.717432995,103.721356201,102.165049235,100.486785889,103.979454041,103.6316185,102.343613942,102.777378845,103.713423157,102.048549652,105.119807631,105.640162776,105.35016828,102.0,707
87.8741088867,80.7831535339,77.3223777771,79.8714370727,77.5688545227,79.6204872131,75.309618632,77.9814816179,78.1501579285,79.7726173401,79.0150799622,83.8628952026,80.7490409851,79.2656326294,81.6283860088,86.4477050781,87.1379983058,898.0,80.9818328857,79.5782577514,87.7722880302,81.9579681397,84.0181201012,79.4200836182,76.8000190735,76.8763916016,79.0761566162,79.0309906006,76.9225023905,76.861827596,79.0489990234,76.7689460754,76.4777098498,76.5000101541,77.2166546156,78.25,898
93.9731567383,96.5223274231,91.6587242126,94.155645752,92.8171525955,93.9593894958,89.8406293233,92.5532836914,92.3843597412,94.161946106,95.1050363253,93.3850158691,96.7996932983,93.5807006836,95.5052844009,93.5859237671,95.5108517439,913.0,96.8298179626,96.2871757507,96.4204031093,93.4131149292,95.7852608569,93.6564453125,91.778994751,91.4677444458,94.0027496338,93.4812164307,91.9119021098,91.0116294861,93.3745895386,91.3121803284,95.4408094176,95.3670264187,95.2155438783,89.75,913
107.354460144,110.835558319,110.24307785,111.330523682,112.385177422,110.456140137,107.972490184,114.682995237,113.499068451,110.743723297,112.910271745,108.488394165,111.908880615,111.400701904,110.855472567,107.800152588,103.936009539,927.0,111.400730896,111.297822571,102.219640452,109.432653809,109.099832059,110.749518585,110.272884115,110.598584747,110.904667664,110.576203918,109.602487946,110.925816091,110.697486878,110.224372864,112.180835161,111.716102282,111.474895233,129.0,927
104.257272339,106.21953659,105.111326599,104.211665344,107.29183712,104.722993469,105.718459066,108.85421332,113.089588928,104.509233856,104.530473054,104.518544006,106.138007355,105.05900116,103.452027529,103.98868866,104.033408199,1041.0,106.123616791,106.205535126,103.989589245,105.158361817,103.403238146,104.960368347,105.411254374,112.490927124,104.719187927,105.632102203,107.726404572,107.016055807,105.572364807,107.122576141,104.778276438,105.056836439,104.608984944,104.25,1041
104.084155273,100.985773468,101.830275726,104.002957154,102.138588142,103.726161194,102.707015991,102.732572621,102.977302551,103.999144745,103.32794148,103.008978272,101.347560883,103.895768738,105.439751306,103.370332336,108.741169678,1067.0,101.217068481,101.234450531,108.543817192,102.82066803,106.686105548,103.640195465,101.949154917,102.129407501,104.015029907,103.687953949,102.881494395,100.953322347,103.744587708,101.134725189,101.994848153,102.323262546,102.516732807,106.5,1067
95.0073410034,94.5441200256,91.7516349792,94.2503463745,92.5925424576,93.9932998657,90.2958539327,93.7401859678,92.7811523438,94.31092453,94.9808506903,96.1390274048,94.7185592651,93.3591384888,94.9437490646,95.8104751587,94.8156932251,1118.0,94.8027183533,94.4747840881,94.5914706574,94.4802764893,95.0758774232,93.3945213318,91.9035669963,93.3822502136,93.7843673706,93.1287765503,92.2396456401,92.2376993815,92.7474517822,91.3459274292,94.9963624683,94.9118595474,95.0697831011,94.0,1118
103.812635803,103.141687012,101.218172455,103.689466858,103.73023529,103.408743286,101.919388835,103.040351341,103.271601105,103.595928955,104.056241313,103.044039917,102.946027374,103.375561524,105.11579765,103.538902283,104.906635104,1130.0,103.426543427,103.574243927,104.50439996,102.830680847,105.872519149,103.04860611,100.913852183,98.9147918701,103.474203491,103.013721466,101.44601593,101.73172226,102.84523468,102.283364105,103.925940062,104.193229351,103.797032378,101.0,1130
104.750798035,107.203994751,102.175157165,106.040794372,108.217812729,105.9622406,103.537499491,106.341060507,108.778352356,105.740909577,107.408147743,104.721562195,107.45565567,105.862516785,107.944238643,104.597770691,107.928550539,1159.0,107.640552521,107.173656464,107.130663515,104.955874634,108.424513648,105.928092194,104.775681305,101.926451111,106.294117737,106.469364929,103.857106272,103.651875559,105.929568481,102.388733673,107.066567843,107.139111739,107.249178093,103.75,1159
107.82301178,110.843136597,110.331447601,110.868200684,115.012831879,110.259848022,110.269040171,114.002994143,113.991944885,110.613556671,113.969333643,108.289813233,110.329472351,110.476272583,113.407627016,107.992201233,109.416968528,1175.0,110.419619751,111.257206726,107.680442855,108.188088989,112.733648471,110.500307465,111.018099721,112.49910965,110.689071655,110.339595795,110.216619364,111.876105245,110.384953308,110.258401489,112.447159546,112.419181392,112.006328424,113.75,1175
100.781915283,94.1162826538,91.5552810669,97.4836776733,92.0106208801,96.5949829102,90.7555648804,93.3761336228,94.0032745361,98.0784996033,95.0934321552,100.524874878,94.6803970337,96.131010437,95.2343436266,101.274226379,97.2261393393,1213.0,94.564641571,94.4232872009,97.1407366981,101.233506775,96.1335946344,96.8874824524,91.965133667,93.9441619873,97.0178512573,96.0574424744,91.6384989421,92.5002286275,96.2197891235,91.3611122132,94.7222906835,94.7510399778,95.1771864885,128.25,1213
93.3560836792,94.124596405,91.4448303223,93.8784896851,92.2564367294,93.6359733581,90.8598297119,92.2599839835,92.640763092,93.7660919189,93.7986423655,93.1694625855,93.8836738587,93.4068206787,93.9287369979,93.3813934326,94.0767782571,1264.0,94.0787277222,94.0949798584,94.2422533119,93.1978240967,93.7744228232,93.364907074,90.9627001445,91.2154830933,93.3723587036,93.3885360718,90.7505971273,91.3538281759,93.2314086914,90.8803131104,93.3088211374,93.6424359661,93.4638263861,95.75,1264
111.133538818,111.423782348,110.406763458,112.879623413,111.131474876,112.912249756,112.306265259,112.904313186,113.27185669,112.93108139,113.024822625,112.115188599,111.592321777,113.184779358,113.556371803,111.38931427,112.627234927,1294.0,111.404213715,111.772399139,111.437181646,112.145487976,113.331264715,113.365493011,110.335214233,110.786483002,112.996224976,113.746257019,111.17998759,111.433417511,113.420075989,110.279676819,112.25666561,112.400694269,112.555786391,112.5,1294
93.9696578979,97.9599060059,92.1066459656,94.0426834106,94.9449375153,93.7621696472,89.8327682495,95.5796521943,97.6908477783,94.1461647034,96.4285576174,93.4851013183,97.5837036133,93.6019958496,96.694979194,93.8281143188,98.3638779761,1333.0,97.3846282959,97.0321754455,99.1254724518,93.4997268677,97.6108677394,93.6859146118,91.641321818,95.4976325989,93.7482208252,93.1354225159,92.4639338175,93.3770248413,93.5657196045,91.3600189209,96.8200777969,96.7501596538,96.6876598401,96.0,1333
110.510980225,111.727671814,110.610853577,111.340385437,112.265430641,111.256886292,110.074407959,111.019679102,113.816004181,111.367471313,111.416109095,110.467271423,111.883612823,111.360667419,110.825488101,110.918630982,109.097119812,1452.0,111.591943359,111.704217529,109.35287404,110.5342453,110.201447813,111.062342835,110.832097371,112.056351471,111.551338196,111.637128448,109.959431966,110.342531586,111.666744995,110.304436493,111.325964794,111.371820804,111.14512597,107.75,1452
110.548358154,112.941164398,110.74895401,111.473731995,109.989100265,110.797440338,110.643830363,110.880199038,113.643724823,111.22474823,111.908412769,110.793511963,112.515846252,111.061347961,110.868292533,110.913513184,108.952338592,1464.0,112.888788605,113.006591034,109.114120018,110.544459534,110.023947339,111.001355743,110.38528951,110.47182312,111.359591675,110.759323883,110.73668162,109.869645182,111.124839783,110.220545959,111.985879268,111.936518043,112.015248512,111.5,1464
94.6388320923,96.2501953125,92.3358161926,94.5724411011,94.9048522949,94.4543769836,92.8826789856,95.4249325456,94.3705162049,94.6899833679,93.8375546521,93.7748443604,95.7888778687,94.3522064209,94.566718268,94.1555664063,96.173172615,1485.0,96.5982627869,95.8605888367,97.4018923498,93.6438110351,95.3879352102,94.5953735352,93.4513524373,96.9019607543,94.5303359985,94.6331695557,93.8790344238,94.6054985046,94.3906051636,91.7699607849,94.0661208413,94.1394653668,94.7321556889,89.5,1485
93.8901641846,93.9708190918,91.4442237854,93.0564270019,92.7981233597,93.1504814148,91.3835029602,92.5841990504,92.0562850952,93.2059417724,93.0738586768,95.3577087402,93.3754623413,93.1315032959,91.8258526189,93.6786865234,92.0825473856,1535.0,93.9079795837,94.2231994629,92.2696881364,95.297517395,91.4646462697,93.1269172669,90.8979858398,93.7935920715,93.0505554199,92.9664306641,90.4852516174,91.3116574605,93.0227081299,91.1026519776,92.3733161558,92.1069105313,91.9841946225,100.25,1535
110.498577881,112.673751831,110.517665863,112.440800476,113.640710831,112.024781799,110.323986562,112.674503984,113.604663086,112.099055481,112.741368676,110.918336487,113.212520599,112.083389282,111.504071585,110.902439881,110.623234016,1573.0,112.841933441,113.014479065,109.876328789,110.898045349,111.297287291,111.979170227,110.837345123,113.346461487,112.044107056,111.660086822,110.32291921,111.033187612,111.911587524,110.317120361,112.629410488,112.525242886,112.370667912,111.25,1573
94.005065918,94.2850112915,91.4468666077,94.2834014892,93.6825370789,94.2919548035,91.4914301554,94.9252024683,94.7044754028,94.3238998413,94.2397464849,93.3019317627,94.2852302551,94.1317489624,94.4069573663,93.4711090088,95.0618612047,1601.0,94.3653167725,94.3394058228,95.2604275656,93.5536437988,95.1503358705,94.0897102356,92.1621164958,94.8105377197,94.2284332275,94.2946846008,92.1444254557,93.0063944499,94.073298645,91.3414962768,94.8200457175,94.5485233411,94.8165881945,95.0,1601
112.960067749,117.386061859,110.505799103,115.026263428,118.220031929,114.412781525,112.918336487,116.636021581,113.664316559,114.96146698,115.931462104,113.215313721,117.601311493,114.544628906,114.632948722,113.203825378,111.789364928,1741.0,117.481678009,116.450794983,111.151027766,112.850254822,113.478860308,114.217910003,113.98915863,117.052236938,114.930342102,114.237460327,114.742484029,115.065124512,114.54733429,110.122904968,116.634405989,116.327018495,116.070706021,114.25,1741
87.2042785644,77.3057296753,76.950704956,78.9113220215,77.7460084915,79.0430686951,75.7665690104,78.922263573,77.9311813354,79.2814910889,79.4589141993,82.819367981,77.8386184692,78.9635787964,78.7029030049,84.764376831,80.2297519569,1824.0,77.8168060303,77.939402008,81.6651119355,81.03125,78.6260779742,78.8607254028,76.9542826335,76.0256919861,78.7924850464,78.786402893,75.4230870565,77.3353294373,78.8958007813,76.8056007385,80.0187686704,79.8857112501,79.7362214113,78.5,1824
103.870309448,105.780631256,101.621788788,103.530374145,105.115100861,103.661638641,102.379235331,103.649555864,103.739151001,103.666081238,103.857419941,103.315309143,105.594856262,103.445425415,104.731828042,103.664627075,106.054576003,1849.0,105.377729797,105.712471008,105.502139702,103.414575195,105.147404386,103.489823151,101.034994507,101.45600357,103.684355164,103.560470581,101.511843109,102.809206899,103.356489563,101.821567536,104.13162783,104.1220614,104.393617045,99.0,1849
93.3211700439,96.7632064819,91.532081604,93.6480285645,95.0625570297,93.6724952698,91.9699752808,93.8774156242,95.3488494873,93.7887382507,93.4937669613,93.3125732422,95.9555282593,93.514012146,93.1335270138,93.3643600464,93.7529743373,1907.0,96.6730796814,96.6204299927,94.2796387509,93.3945297241,93.1978267307,93.6128829956,91.1855941772,89.053629303,93.4340438843,93.3581466675,92.4603492737,93.6060844421,93.3863189697,91.2678199768,94.0335405855,93.8740272001,93.856370228,93.75,1907
105.502262879,105.035958099,102.068470001,105.531948853,104.75362339,105.120664215,102.792874654,102.056498297,103.220387268,105.313729095,102.966243615,104.785543823,104.805544281,104.607017517,105.369054588,105.112043762,105.212543432,1996.0,104.325111389,104.874072266,104.918251844,104.551197815,105.77398498,104.846524811,102.059243012,103.822945404,105.094351196,104.761775207,101.960947927,101.452441661,104.817630005,102.792738342,102.504758939,102.687944197,102.979545994,106.0,1996
95.0706893921,95.7750267029,91.5564598083,94.3033554077,92.1961465836,94.01902771,90.4440518697,92.7973727522,92.3991104126,94.3919113159,94.8010095895,95.1816604614,95.9817756653,93.4512191772,94.6324400728,96.896333313,94.5893934451,2021.0,95.9019874573,95.6416275024,94.3056950082,94.396913147,94.7049839915,93.408769989,92.1286577861,92.751335144,93.9099960327,93.3229133606,92.048647817,92.2908907572,93.1712310791,91.3238899231,94.9562098135,94.9389122391,95.0039298365,89.0,2021
93.1373886108,94.6994873047,91.5885650635,92.9722625732,93.4306869507,92.651890564,90.5797594706,93.1057134168,93.187461853,93.0109802246,93.0255373425,92.8889938354,94.4437713623,92.6960098267,92.0065951065,93.0961593628,90.990239654,2064.0,94.6490249634,94.2028617859,91.2721854454,92.7434906006,91.5027342202,92.7735267639,91.6169865926,93.8392356873,92.7388565063,92.4954437256,90.8904396057,91.6612487793,92.7002944946,91.7020881653,93.0882072203,93.18831853,92.9400850067,89.75,2064
94.9370819092,94.0696769714,91.7958396912,95.1906478882,91.352199173,94.9676757813,93.1866060893,94.4973949564,92.8587837219,95.1843948364,95.9056744538,95.0635437012,95.2765533447,95.6582168579,96.9806975143,95.1315155029,96.4706087307,2094.0,94.6609092712,94.5475151062,96.952344486,94.9120635986,96.1333159066,94.9950950623,92.6454371135,94.8198776245,95.3551620483,95.3119430542,95.0590967814,93.674836731,94.8835266113,91.5295478821,96.0206586667,97.7823166326,97.4439222571,97.0,2094
93.1847457886,94.7486984253,91.6036560059,92.647177124,92.3374849319,92.3562759399,91.9262499491,93.3894440223,97.7161605835,92.8521263123,93.0562174215,93.047026062,93.4996002197,92.0098861695,91.7167786465,93.0743621826,89.4118708602,2169.0,94.0779388428,94.420450592,89.9621185259,92.9031494141,90.6662749171,92.2926437378,90.8336156209,92.7443130493,92.5066635132,92.241280365,91.6411028544,91.8310745239,92.0391525268,91.1182975769,92.81479964,92.6943575127,92.5904024623,89.0,2169
103.537614441,104.337765503,103.00427475,104.044616699,105.871264839,103.858013153,104.002848053,105.333715505,104.183431244,103.91947937,106.221060953,103.03769989,104.236787415,104.186169434,105.818134704,103.465118408,105.336588398,2296.0,104.44202652,104.340210724,104.936785385,103.271992493,106.170207948,103.974656677,103.346852875,105.638607025,104.208912659,103.867031097,102.871007029,104.191406504,104.011022949,102.158570099,105.84460717,105.78497614,105.630896736,101.0,2296
110.58694458,109.189806366,110.292057038,111.966931152,112.940756416,111.673179627,110.323351542,112.283349399,111.641448212,111.867542267,111.381421671,110.851103211,111.094550323,111.947900391,110.733251005,110.793225098,109.325472685,2363.0,111.95740509,109.580123138,109.049048108,110.821383667,110.267881765,111.680191803,109.646338654,111.93492508,111.914509583,111.554248047,110.686760966,110.843016052,111.571394348,110.190325165,111.935851232,112.094679856,112.257751102,116.0,2363
108.218984985,120.500655365,110.382749176,111.705882263,112.61896801,111.872328949,109.293426259,115.538571588,114.244192505,111.763018799,116.255782893,109.709107971,121.173619842,111.793029785,111.837960101,108.734263611,104.766798244,2405.0,121.729303742,119.454466248,103.665190491,109.957862854,109.718304233,111.764105225,110.224491882,114.347413635,111.695048523,111.701456451,110.103302511,111.150254059,112.016255188,110.230667877,116.601477086,114.908186196,114.260955578,111.5,2405
94.577331543,100.404517364,91.3535873413,94.8767349243,93.3785503387,94.9367431641,91.7844576518,95.5421768715,94.3056488037,94.9846916199,98.6894019268,94.6434280395,99.6100601197,95.4885864258,96.4863750493,94.3061569214,96.5307487171,2406.0,101.262204742,100.211412048,96.36388692,94.9404296875,96.4131197111,95.1199554443,92.2989229838,98.2983749389,95.1415527344,94.912979126,92.3026329041,93.482896932,95.2413513184,91.151940918,99.8631413064,99.5776733612,98.9314837604,100.75,2406
104.033334351,106.058641052,101.514250946,104.294993591,107.512095261,104.053324127,101.658052317,104.376606382,103.967440033,104.437812042,104.899514085,103.442837524,105.804229737,104.272583008,105.451339868,103.695431518,108.547702391,2425.0,104.555775452,104.911432648,108.367814322,103.266357422,106.421524764,103.771350098,102.054251607,103.942097473,104.533378601,104.20581131,102.280989075,102.41269811,104.230889893,102.274755859,104.279433473,104.208800767,104.359495605,100.5,2425
93.5031158447,94.883454895,91.7436714172,94.2787918091,93.5036558151,93.9534477234,90.7752888997,94.9620677027,97.3392417908,93.9972724915,94.8651589738,93.6042388916,95.2886833191,94.156439209,94.6969636717,93.5651611328,95.576259282,2437.0,94.511164856,95.0068954468,95.8334005826,94.1868118286,94.9987300709,94.0913276672,91.6225229899,92.1969047546,93.9860488892,94.1918296814,91.8419306437,94.6978558858,94.3816040039,91.3753570557,94.8777063041,94.6575065438,94.4789686273,90.25,2437
108.060307312,106.655722046,101.640345764,104.428916931,104.797365189,104.131529999,103.194436645,103.984831711,102.962506866,104.214585876,106.234518006,103.689382934,105.754134369,104.067959595,107.054007399,108.931011963,106.078126496,2727.0,106.696749115,106.729164886,104.846158411,104.769036865,107.437275495,103.868552399,101.177524058,97.4238243102,104.129255676,103.367404938,101.838456472,101.530100759,103.445462036,101.158185577,106.348107131,106.310851432,106.288025922,107.5,2727
111.186923218,113.007444,109.977190399,113.507443237,116.409533119,112.768106842,111.280833435,113.080414345,113.074569702,113.330129242,115.676992928,111.181617737,113.840342712,112.985107422,113.735088371,111.40287323,114.182863769,2747.0,113.770568848,112.824889374,114.044969267,111.088064575,113.414934801,112.181079864,110.296453603,111.91974411,112.986419678,112.306091309,111.070712535,111.245584106,112.232723999,110.2459198,115.646362056,114.567107754,115.443534869,109.25,2747
103.824449158,103.164299011,102.580709076,106.955950928,103.896333504,104.325553894,100.395733897,103.556587482,103.930711365,104.884960175,104.571175655,103.177903747,100.801485443,105.665463257,105.02815173,103.258297729,104.421085621,2797.0,103.384838104,104.827492523,104.380899279,103.224459839,105.302706158,105.231150055,101.665461222,107.417182922,106.976000977,104.919539642,101.870069122,102.388846079,105.445742798,101.069377899,103.360376649,103.302684308,102.483454233,100.75,2797
93.3911621094,95.501839447,91.6748832703,93.4762145996,93.3700847626,93.4183906555,91.3802396138,92.7686728116,92.6804000855,93.5588691712,94.0413990325,93.2410964966,96.4241447449,93.1406784057,93.9653031595,93.2455062866,92.5231584236,2810.0,95.7317253113,95.9106529236,92.4166501909,93.2247711182,93.3004431084,93.357926178,91.9855603536,92.0039428711,93.4600845337,93.1899276733,91.6020370483,92.3288510641,92.8892944336,91.5907432556,94.8596650188,94.8009383759,94.4822701827,90.0,2810
104.045674133,103.418566132,102.781725311,103.90909729,103.549043846,103.805399323,102.134322866,105.270042419,104.847568512,103.800720978,101.588143666,102.96070404,104.214399719,103.813291931,104.706704056,103.421759033,107.454961168,2836.0,103.453175354,104.27340622,106.710959889,103.076571655,105.882789774,103.695422363,103.498371633,104.623340607,104.117201233,103.643854523,103.392298635,104.252683512,103.942398071,101.597608948,101.094684616,101.767627739,101.764484441,101.25,2836
94.0611358643,97.9800773621,91.6782653809,94.5938354492,95.6069484711,94.518623352,91.0896074931,94.7591684276,92.8620674133,94.5969642639,96.5550187706,93.6722915649,97.8765319824,94.2094940186,95.8110748193,93.7402145386,96.3406104408,2857.0,97.8998352051,97.9747558594,96.9412660484,93.5793060303,96.0750815562,94.4696090698,91.8234914144,93.8415718079,94.5343338013,94.3466453552,93.1597035726,93.5435572306,94.8073562622,91.6002502442,96.4956491419,97.0686275192,96.7983320943,87.25,2857
110.460099792,111.0741539,110.351821137,111.94074707,109.860301399,111.436741638,109.624937439,109.638350651,112.015353394,111.813208008,111.051695829,110.472428894,110.541484833,111.345527649,111.29540249,110.631587219,109.463617387,2860.0,110.959887695,111.117589569,108.893170072,110.52177887,110.84126723,111.357369232,109.480401103,108.20083847,111.642941284,111.171069336,110.511568197,108.85813268,111.208148193,110.25016861,110.329770568,110.480066333,110.356101086,115.75,2860
94.0294174195,95.6056259155,92.3751159668,94.2831970215,94.5102554321,94.3974136353,91.6939918518,95.807287545,95.5733947754,94.4665809631,94.4727560541,94.4370620728,95.3842002869,94.3188552857,93.6862579369,94.3361419678,94.3772819091,2869.0,95.482460022,94.8053848267,95.2385831721,94.3240722656,93.7121066699,94.7286941528,93.5512407939,92.8311965942,94.2442337036,94.388041687,93.7729349772,94.0706130982,94.4516845703,91.8001899719,94.8247519225,94.8678453702,94.9016414787,87.0,2869
94.2111724853,92.4558174133,91.7021102905,93.6822265625,91.1683713913,93.5335868835,90.5787920634,91.9482653388,93.5635940552,93.9689750671,92.7993380336,93.6348464966,93.2771194458,93.2375869751,94.5867552083,93.6868362427,97.77175177,2871.0,92.7428611756,92.9190956116,98.4440945841,93.7033889771,96.0123690486,93.3828697205,90.7449948629,91.8993721008,93.370199585,93.0273040771,90.6521003723,91.8850285848,93.2759506225,91.3573303223,92.9952255938,92.9038740235,92.9638435125,90.0,2871
93.6964263916,95.0117134094,91.8417510986,93.3687515259,92.7293029785,93.4472236633,90.3336911519,93.4985846158,96.2610473633,93.743636322,93.073329467,93.5126693725,94.3403762817,92.97184906,93.2330603006,93.4379882812,92.1594298165,2947.0,94.0428848267,94.214516449,93.1032573879,93.4946044922,92.9119155016,92.9837097168,90.5090192159,92.8743835449,93.3918075561,93.0616188049,91.2715075175,92.762886556,93.0797225952,91.1659355164,93.2848911102,93.2033478072,93.1182664963,91.0,2947
109.534202576,118.846661377,110.278701019,112.735372925,116.829434586,112.495901489,109.308603414,114.800603406,113.93114624,112.74100647,115.481457799,110.60256958,118.005764771,112.751335144,112.384645069,110.281756592,105.863587674,2982.0,117.678382111,117.714228058,104.656355825,110.745845032,110.473341083,112.914601135,110.259086863,113.41830368,112.595307922,112.900712585,111.354658508,111.708914693,112.874377441,110.290776062,115.928980652,114.711283534,113.938778503,112.0,2982
94.0277282715,92.7149848938,91.8726570129,94.3978210449,92.9260673523,94.3213058472,90.9020563762,93.0822730229,91.8862327576,94.4236656189,95.101855913,93.4246414184,92.1553451538,94.227947998,97.3051141897,93.5957611084,99.4438832914,2993.0,92.0374893188,92.5888786316,99.6581005779,93.694921875,98.3377570841,93.9848686218,92.5434018453,91.3107528687,94.5197402954,94.3737625122,92.4589085897,91.4245007833,94.2076248169,91.3702354431,95.0425429101,95.5560816666,96.1081181469,93.0,2993
93.3389892578,94.6183029175,91.7647415161,94.278855896,92.7448064804,94.1476631164,91.4959241231,95.6653053021,93.2506713867,94.1544174194,93.7961600172,93.3348861694,94.9065055847,93.7674575806,92.6951916101,93.4646011352,92.7345605489,3057.0,94.5593238831,94.7692550659,93.5467130748,93.5789382934,92.1411354169,94.0801300049,91.7935033162,93.0634727478,94.0293457031,93.9231216431,92.2242464701,92.5884513855,93.4158355713,91.6763114929,94.5005025831,94.5633622494,94.5972929066,101.0,3057
110.688386536,111.148973084,110.431351471,112.625065613,111.902456474,112.131203461,110.180306244,111.315607005,112.582448578,112.518774414,111.1786148,110.628384399,110.716797638,112.319781494,112.20982191,110.866519165,111.653539653,3110.0,111.196429443,111.161886597,110.822729014,111.131529236,111.967069241,112.042507172,111.088728841,109.383857727,112.357159424,112.055924988,110.484630585,109.82792689,112.076449585,110.111103058,110.592145168,110.512067667,110.446400659,109.75,3110
112.040127564,117.850713348,110.385451508,116.213171387,116.665132332,115.969760132,114.589422862,116.795156282,113.674588775,115.593064117,117.525765432,113.399848938,118.064006805,116.034588623,115.971197619,113.040257263,115.805052879,3182.0,117.907971192,117.882622528,115.137820249,113.76038208,115.818647047,116.375066376,115.109514109,115.631836701,116.267089844,116.233046722,115.425002797,114.746942647,116.62527771,110.176229858,117.46185212,117.529907641,117.278761653,113.75,3182
103.875863647,104.475978088,102.16660614,103.903907776,105.56878376,103.589311981,102.625934855,105.268831713,103.126174927,103.980200195,103.843510694,103.202877808,104.404872131,103.574194336,105.049201515,103.430975342,108.440166954,3222.0,103.983459473,104.301545715,108.520297877,103.543452454,106.328912026,103.071946716,102.047887421,103.312110138,103.823596192,102.849455261,103.435680898,103.892779795,103.420783996,102.020462799,104.475075082,104.2672206,104.222791572,102.5,3222
93.9516021729,95.8377334595,91.2998153687,94.2979568482,93.7175498962,94.0245323181,91.3475069682,94.8463703024,93.2739295959,94.2956764221,95.6667895927,93.4576965332,95.899105835,94.04818573,96.118652199,93.6709014893,98.4096770338,3223.0,95.5483383179,95.3694908142,99.5289084099,93.89347229,96.918744191,93.9152320862,92.1040636698,95.0329833984,94.2887420654,93.9132858276,93.3020072937,92.476797994,94.0676361084,91.296522522,94.9695924748,95.1846527295,95.3743944593,93.75,3223
111.402626038,111.963514709,110.245452118,112.753952026,116.175031281,113.509941101,110.915181224,114.832421401,114.00085144,112.912665558,113.356287803,111.974893188,111.937699127,113.449415588,113.505683086,111.639530945,112.230709589,3243.0,112.046045685,112.12061615,110.74340103,112.893763733,112.865831792,112.809585571,110.750956472,114.807728577,113.004530334,114.147091675,111.090100861,111.727313995,113.542216492,110.216894531,112.885148462,113.038213967,112.92215347,121.5,3243
104.340156555,104.5045578,102.527585602,104.398324585,102.735523224,104.084741974,102.565636444,104.219578973,103.850826263,104.355690002,104.460571194,103.09475708,104.805606079,104.216903687,105.08535974,103.620852661,107.918329038,3261.0,104.496105957,104.809186554,107.627337697,102.738250732,105.994755741,103.846969605,103.363057709,106.38378067,104.342254639,103.918611145,103.679272207,103.463403575,104.159158325,102.780732727,104.794815496,104.869064093,104.960220923,99.0,3261
93.303414917,96.671509552,91.4945755005,93.2574157715,96.5491174698,93.1651641846,90.5401351929,92.9388554014,95.64947052,93.6213356018,94.0346831237,93.2385940552,97.3260261536,93.0914825439,93.4875033389,93.1398757934,93.8103391169,3265.0,96.9223983765,96.6024032593,94.4347285194,92.9883407593,93.4394472988,93.022518158,91.9419723511,94.6758087158,93.1580276489,93.239365387,91.2506629944,92.6361279805,93.1064605713,91.4571517944,93.765311904,93.4398507596,93.356820641,133.5,3265
104.206135559,104.549360657,101.431548309,104.186326599,105.071704674,103.819364166,102.573081716,105.074399225,103.7310318,104.250931549,104.447815228,102.8782547,104.415412903,104.117471314,105.131678251,103.693702698,108.017595146,3268.0,104.646922302,104.780461883,107.641296838,102.67454071,106.330227678,103.808889008,103.482332865,103.214907837,103.873684692,103.689495087,103.640436808,103.139649963,103.994644165,102.230171966,104.188204845,104.601328907,104.720929974,102.0,3268
110.749879455,115.498389435,110.340798187,113.755535889,113.768226242,113.433912659,111.911844635,115.165294253,113.811151123,113.509989166,115.740990613,111.21000824,116.07571106,113.703460693,114.448260907,111.783747864,110.906631956,3286.0,115.855171967,115.532033539,109.352569068,111.670565796,114.298800637,113.981630707,111.969718424,116.816385651,114.097517395,113.99874649,113.358316803,113.848647308,114.425338745,110.367966461,115.56244629,115.32756575,115.286326614,119.75,3286
112.154490662,110.297992706,110.332683563,115.346809387,116.624252701,114.795793915,113.907925669,114.743481077,113.31108017,115.217590332,114.356899056,112.926037597,110.621549225,115.019354248,114.268648947,112.587042236,111.591340518,3296.0,110.606700897,111.308882141,110.879085622,113.021414185,113.280825344,114.744907379,113.606639353,113.706034851,114.92099762,114.770222473,113.945613607,113.918544006,114.810603333,110.17942276,113.274760842,113.504183157,113.54671236,114.5,3296
93.7600418091,95.3587608337,92.0375869751,93.9443939209,95.21366539,94.1029083252,92.4167462667,95.7378768921,96.1063858032,94.2160018921,94.8119797955,93.5129058838,95.2174575806,94.1371002197,95.1172078504,93.5268630981,95.0197398413,3392.0,94.5130348206,95.2227539063,95.3042122498,93.4580291748,95.5052681644,94.0091239929,93.0141548157,96.3772781371,94.095753479,94.2052185058,93.214410909,93.969816335,94.2140533447,91.3111343384,94.8218917183,94.9023290606,94.8536950061,100.5,3392
93.2135299683,93.0294944763,92.7308074951,93.5541931152,94.2274946213,93.4228767395,91.9343864441,93.3947012013,95.6614959717,93.5161598206,91.7466401267,93.0376403808,92.7778648376,93.8407318115,90.9115118231,93.2053207397,90.0324101531,3452.0,92.818662262,93.5372001648,91.7101590831,92.9752975464,90.2055890505,93.6365036011,92.0681765238,94.496762085,93.5797897339,93.8238616943,92.0129516602,92.7275680542,94.1837631226,92.7755485535,92.3414303891,92.5380864997,92.0740532498,100.0,3452
93.7928710938,93.6861022949,91.7235939026,93.8445129395,92.6106435776,93.7780311584,89.9043863932,92.6382419981,92.0219474792,93.9881980896,94.1909426109,93.3004318237,93.9917549133,93.4663269043,95.4314969297,93.4969436645,98.4380722294,3491.0,94.0718955994,93.4623771667,99.35537584,93.4296783447,96.7912722947,93.3845680237,91.0533404032,91.1856323242,93.5737533569,93.0241996765,91.7873519897,92.0818939209,93.0747589111,91.4643043518,94.3092654262,94.6468044787,94.4806929411,119.5,3491
93.912071228,94.052948761,91.5954025268,94.1723266601,94.063892746,94.4177322388,90.6139183045,96.1305105275,95.9826225281,94.3014518738,95.0020387974,93.7477111816,93.7902694702,94.464743042,92.7723519492,93.7206634521,93.6209132555,3506.0,93.7342506409,93.8461547851,93.8421347983,94.3885147095,92.3824562377,94.6120765686,91.640586853,93.7832801819,94.0450042724,94.7120201111,92.1774386088,93.5432428996,94.7298782349,91.2391860962,94.8571959322,94.5264844474,94.6175445466,89.75,3506
110.616609192,111.720263672,110.035428619,111.914538574,109.420583534,111.373584747,109.765957896,110.0311203,112.761927032,111.837439728,111.737789915,110.606300354,111.837648773,111.39728241,111.211338799,110.775456238,110.131339903,3548.0,111.888161468,112.099585724,109.600360716,110.519866943,110.515172089,110.914666748,109.667997742,107.617505646,111.809321594,110.837374115,110.002536519,110.033756002,110.977059936,110.2367836,111.767357193,111.599921144,111.424123001,109.25,3548
93.7833312988,93.38853302,91.5963890076,94.1349594116,94.1228343963,93.9672737121,91.5045125326,93.9462719621,93.7422218323,94.2420089722,93.816715165,93.3610076904,93.742376709,93.7074493408,94.1715308591,93.5224700928,94.600226253,3685.0,93.9229614258,93.7335639953,94.6857242231,93.473991394,94.8130196743,93.9392326355,92.7508783976,93.4145050049,93.9373153687,93.8184020996,92.7740191142,93.1090560913,93.6001556396,91.6820732117,94.0725088906,93.8877979697,93.7490768236,94.5,3685
87.1809967041,76.6318710327,77.4429862976,78.6616287231,77.8782941818,78.546408844,74.3833735148,78.6621659378,78.0951713562,79.0463516235,77.9127261365,81.2992523193,76.561693573,77.8505508423,78.0918735934,84.3215927124,79.9033846831,3747.0,76.305745697,76.2998481751,81.4423236138,80.5831466675,78.1571036757,78.3244888306,76.4655474345,75.5976615906,78.2428268433,78.0784049988,75.7261688232,77.2647183736,77.7704040527,76.8005256653,77.493812587,77.5717550042,77.7159639521,72.5,3747
95.1676422119,96.3157279968,91.5540985107,94.4797958374,91.5525712967,94.8507865906,91.2380388896,94.3732610242,94.0106452942,94.6491027832,94.264980958,94.7152191162,96.4421447754,94.8064361572,95.9523135107,94.8922241211,96.7865412836,3796.0,96.5609092712,96.5787651062,97.5508261366,94.7389694214,96.1458989194,94.4994750976,91.9264371236,96.9138565064,94.1331008911,94.9399169922,92.1981440226,94.1346138,94.7917755127,91.450528717,94.4347315337,94.7117826179,94.82896682,89.75,3796
118.824784851,101.559159851,91.8117355347,105.507849121,92.9398710251,106.411253357,90.9320678711,93.6231544758,93.9550788879,109.011526489,100.776180137,123.16696167,103.420130157,102.092634583,95.6335909947,122.81742096,96.1282332072,4002.0,100.260748291,104.073699951,96.3540607467,120.503253174,95.8491219623,104.645981598,92.7851287842,94.1788063049,100.884857178,101.450569916,93.4528218587,92.6297210693,105.416316223,92.1580574036,95.3491897455,94.9656323194,95.0010350377,85.75,4002
93.910848999,94.6879440308,92.0522773743,94.5135070801,91.6343761444,94.3221138,92.9151397705,93.103897884,92.9391677856,94.5849205017,95.2018352882,93.3467773438,94.0693374634,94.2679763794,95.3985112651,93.7421981811,95.1589000077,4100.0,93.5038642883,94.3791992187,95.509125028,93.4830627441,95.4237357315,94.1537322998,91.9689771016,95.2042610168,94.7075317383,94.2153556824,92.3576164246,93.4080533346,94.0708816528,91.7981063843,95.3444061131,95.0526596874,95.2365478215,90.0,4100
93.8071334839,97.9318283081,92.5169944763,94.6835083008,93.5458097458,94.448992157,91.4872584025,94.7022376225,92.7255455017,94.5876213074,95.6035511858,93.4215515137,97.0522064209,94.5730606079,95.4475035873,93.5096405029,96.2762135027,4148.0,97.0402748108,98.1116149902,97.0486854471,93.5134506225,95.6864920738,94.3586288452,92.2890256246,92.6982025147,94.5303359985,94.4190055847,92.6110493978,92.7456296285,94.3045806885,91.5216377258,96.1126367482,95.7722177707,95.7810019829,98.25,4148
87.4761505127,78.7886207581,77.3060951233,78.6225997925,77.1559152603,78.6028007507,75.0107859294,77.9068029996,77.7692062378,78.9338050842,78.4979381834,82.4135253906,77.9776924133,77.9498291015,82.1249683506,84.812512207,87.0002671502,4207.0,78.3696144104,80.1630256653,87.358297502,81.0976959229,84.3199361586,78.2368225098,76.5824801127,76.9887710571,78.5070755005,77.8454734802,75.8553227743,76.4238726298,77.8371063233,76.8276283264,79.3736251284,79.5837045913,79.4277001648,88.75,4207
103.623387146,102.074199677,101.168573761,103.352677917,102.321307182,102.921128082,99.9341115315,103.072055159,102.749880219,103.203853607,103.423753864,102.452311707,101.715627289,102.964331055,105.958511387,102.604580688,106.646338326,4279.0,101.295496369,101.408809662,106.273919596,102.021127319,106.97790964,102.855999756,101.187471263,100.218732452,103.235209656,102.825495148,101.726200358,101.204675039,102.65657959,101.352275085,103.320904354,103.558294401,103.712667524,100.25,4279
110.297311401,110.914709473,110.536013031,111.623347473,109.63626728,111.350193024,109.748851268,109.927949313,112.098025513,111.552044678,108.146501677,110.087275696,110.717240906,111.272401428,108.788860505,110.319836426,106.886542429,4306.0,110.626151276,110.49918747,106.079378754,110.19019165,108.373317882,111.114373779,110.275614421,107.852571106,111.2733078,110.996727753,109.197651164,109.42729187,111.40830841,110.195085144,108.77799679,108.806283063,108.783175134,113.75,4306
113.585514832,101.161810303,110.344387817,114.639219665,114.353948784,114.680766296,113.640234121,113.527534748,113.584670258,114.583018494,113.593664995,118.804081726,103.566249084,114.550120544,113.815483063,115.517552185,114.008662479,4346.0,101.704978943,103.619830322,113.02091144,116.815409851,114.149560045,114.331127167,111.818129476,112.80401001,114.5061203,115.069504547,113.24140091,112.546421051,114.690473938,110.370294952,114.021839779,114.203593358,113.866178166,110.75,4346
93.9597305298,94.6107513428,91.899508667,94.3927352905,97.5777591705,94.2648147583,92.7308354696,95.3405567038,95.8359481812,94.166847229,94.9905845212,93.3556350708,94.80442276,94.9250946045,93.8594693024,93.4874801636,95.0729122822,4411.0,95.1349105835,94.9928878784,96.1793224361,93.3918899536,94.2607697945,94.1946166992,92.3537412008,97.9143714905,94.5830917358,94.7162055969,92.5991872152,94.253368632,94.5451309204,91.7348419189,94.627331223,95.0636759975,94.9184001966,88.25,4411
94.4076934814,98.0790687561,92.2972602844,95.1319381714,94.8640054703,94.7244987488,92.5180335999,95.9782709582,94.6573928833,95.1532279968,96.607209348,94.12943573,97.5918273926,94.889112854,95.8281762854,94.250894165,96.899835815,4417.0,97.8888061523,97.7939941406,97.1678054298,94.3891845703,96.5257322652,94.6265968323,92.2297327677,94.2347091675,94.714654541,94.7350418091,93.416120402,94.2795613607,94.5998001099,91.7693122864,97.0142297826,97.0996871364,97.044803499,94.5,4417
94.4793289185,95.1709068298,91.7480628967,94.3453979492,92.3999238968,94.2516975403,91.2327761332,94.1815811683,92.167212677,94.3030426025,94.4936854978,94.0294067383,96.025037384,94.0876556396,95.1154184484,94.053855896,97.0299079701,4504.0,95.4086402893,94.9637916565,97.9683277791,94.1254669189,95.9664219842,94.0852508545,92.3532002767,93.1913841248,94.0573867798,93.8827133179,92.4141916911,92.7661567688,93.8254501343,91.8494430542,95.1725333096,95.553134029,95.8110947259,93.0,4504
103.644882202,104.276631164,101.815788269,103.225061035,103.587552452,102.754973602,102.165036011,104.585788069,102.76713562,103.199519348,104.626894584,102.894506836,103.974202728,103.174578857,104.456894003,103.04420166,103.968582289,4552.0,103.47526474,104.128810119,103.454004491,102.474404907,104.990530283,102.445088959,101.300882721,102.268650055,103.151289368,102.250944519,101.981554413,101.880790456,102.657075501,101.93353653,104.341739287,104.514480107,104.384067562,104.0,4552
95.6801757812,95.4542320251,91.8202949524,95.0232955933,93.5887514114,94.8651664734,92.2412508647,97.8284988403,96.0995239258,95.1757369995,96.401028932,95.6215820313,95.9900733948,94.8978713989,95.3390081256,94.9012817383,97.4416238,4581.0,94.4920669556,95.1888977051,98.3814268831,95.1154342652,95.842711385,95.0029472351,94.9866162618,97.1129318237,94.8143981934,95.1543914795,94.102498881,95.0342305501,94.9060073853,91.5531433105,96.8207414959,96.974377043,96.8889964232,88.75,4581
110.526655579,112.396178436,110.274227142,112.116215515,114.300511932,111.693093872,109.628883362,112.301166666,112.662667847,112.151119232,112.309109146,110.751638794,112.810795593,112.085197449,110.37939668,110.574887085,109.120468102,4600.0,112.691682434,112.382554626,108.603958116,110.890341187,109.656457893,111.672759247,110.260887146,112.886746216,111.926391602,111.771235657,109.5674469,110.151499685,111.949119568,110.366187286,112.330663226,112.101190036,111.912220466,125.75,4600
94.3440093994,94.8439292908,91.7573364258,93.9566223145,92.2890636444,93.765221405,89.2989285787,92.6784373316,92.1340202332,94.1332504272,95.0551450897,94.3474884033,95.2719299317,93.1225494385,94.5725319215,94.6410888672,96.8449834753,4612.0,95.4600166321,95.3944450378,97.2684269483,94.1334259033,95.5225493269,93.4510437012,91.4505409241,91.3140487671,93.757913208,93.0999153137,91.6108060201,91.4257286072,93.1982116699,91.231918335,95.7423585432,95.4907280069,95.6400628365,93.25,4612
110.963087463,115.320490265,110.225762177,112.982615662,116.233917046,112.490722656,109.409276072,115.408704034,113.533524323,112.824223328,114.301900321,111.332180786,115.971750641,112.859498596,113.305161488,111.12829895,109.843158347,4698.0,115.317154694,115.623755646,110.083446443,111.411314392,111.631539061,112.828398132,110.944148763,113.930103302,113.119764709,112.714200592,110.355401866,112.268373362,112.662753296,110.054746246,114.928107251,114.670110964,114.794625026,112.25,4698
103.728050232,105.009276581,101.884879303,104.373149109,107.080775833,103.759391022,103.354726156,105.339472014,104.728173065,104.189523316,105.899697575,102.637016296,105.350787354,104.064421082,105.905531575,102.917100525,108.176543259,4705.0,105.245009613,105.455231476,108.232492777,102.56214447,106.053952432,103.631213379,101.73645401,103.185072327,103.7876297,103.512831878,102.68471934,103.640936533,103.554998779,101.951726532,105.971264851,106.138503517,106.109347915,140.25,4705
103.538607788,104.752368164,100.872160339,103.490635681,102.532121086,103.134020233,99.2926569621,105.145425731,104.639292145,103.450395966,105.053901713,103.797317505,104.7907341,102.77368927,104.996094634,103.582383728,106.417376851,4793.0,104.567760468,104.497284698,106.073217983,105.095739746,105.08092845,102.842369843,99.5802103678,100.24128418,103.316026306,102.683972168,102.583864085,101.02621816,102.679278564,101.411032105,105.040172056,105.453772972,105.268647503,106.0,4793
94.2310211182,96.3197532654,92.2773788452,96.023173523,95.9354934693,95.8185073853,94.6415791829,97.3788023324,97.1854934693,96.2645683289,95.4764409789,94.6447509765,95.7013893127,96.216696167,94.3250095718,94.5062973022,93.1316526332,4832.0,95.870173645,95.8960418701,94.191060181,94.8848144531,93.5427372028,96.4535133362,94.2135101318,96.1285263062,96.8703414917,96.8087051392,95.2508483887,95.7658551534,96.552394104,92.8849960327,96.0866968977,96.1430852596,95.8606951219,90.75,4832
110.561534119,113.873114014,110.346740723,113.140197754,116.02209053,112.418242645,113.299502309,114.270884547,113.687046051,112.729682922,113.892428081,110.970716858,114.027064514,112.655677796,112.069625419,110.566383362,109.686621319,4872.0,114.101531982,114.152667236,108.986015923,110.596339417,110.663572642,112.240374756,110.561639404,115.183404541,113.121221924,112.129383087,112.12997462,112.020052338,112.305426026,110.364887237,114.30038475,114.240249522,114.166159909,107.5,4872
94.2324798584,96.340271759,91.6065849304,95.1869354248,94.4596914291,95.3638160706,92.2084749858,96.2353662951,96.6106178284,95.189818573,96.5128993579,94.1573043823,96.3847450256,95.4950088501,96.7446774394,93.8407028198,96.9521372687,4919.0,96.1414237976,96.1556404114,97.4704246603,94.2808547974,96.6166359985,95.2820625305,93.67919693,97.1147285461,95.1679336548,96.3726081848,93.1351186117,94.5807723999,96.8384597778,91.1667854309,95.85508841,96.2003332729,96.0307509031,105.5,4919
116.914231872,105.040711212,101.90200119,110.685096741,106.326317596,109.893397522,101.878562673,106.861136338,108.550153351,110.515452576,106.000895795,115.788232422,105.604415131,109.761141968,106.039052024,114.979232788,104.69677236,4967.0,105.170815277,105.578186798,104.07337979,122.661625671,105.674785201,113.064993286,102.329782105,104.439402771,110.367498779,111.690212249,102.107043966,102.616323853,111.978398133,101.729737854,106.19520914,106.388722636,106.299456996,102.25,4967
94.330102539,90.0899536133,92.1093383789,94.4408477783,93.560569191,94.7355827331,91.6967686971,93.7227896329,92.2454414368,94.7445106506,92.7374211702,94.0852783203,90.7508323669,94.2631484986,94.186344015,94.032774353,95.6014444961,4997.0,90.6420120239,90.4728424072,96.1900561735,94.2901046753,94.1195442529,94.5152175903,92.3311073303,91.6792160034,94.3456375122,94.6285423279,92.2619064331,92.8421770732,94.307687378,91.2787216187,92.8788614279,92.7582782817,93.0057592139,115.25,4997
93.680015564,97.7070541382,91.415700531,94.3595428467,96.4248916626,94.0846290588,90.705657959,95.4326006133,93.3063995361,94.5091178894,97.0979219357,94.2294067383,97.1497535706,93.706036377,94.7017469164,93.62318573,91.4651687036,5012.0,97.4043571472,97.9944732666,91.5800116929,93.7534698486,92.6153568437,94.1281814575,91.2830952962,99.7318733215,94.1058120727,94.3959136963,90.8876698812,93.1829101562,93.8369995117,91.2448608398,97.0890259329,97.039609304,96.8526454475,113.5,5012
94.0597625733,96.5997413635,92.0053115845,95.6361190796,99.0530612946,96.163067627,92.5232017517,97.0837712781,103.707085419,96.5098686218,95.7814699469,95.0083435059,97.0510101318,97.3207733155,96.0262004178,94.140663147,95.2109059024,5017.0,96.565448761,96.7786567688,95.5478853305,96.2365936279,95.5916858842,97.4417633056,93.2104199727,102.922280884,95.8932800293,97.6607345581,92.961823527,96.0940615336,97.5620254517,91.4204460144,95.1044199365,94.9536872989,95.139757101,88.0,5017
93.2706954956,94.0333259582,91.6347122192,93.3936218262,91.5554107666,93.3171676636,89.3375953674,92.6532866379,92.3764122009,93.6039772034,94.2687636044,93.4375854492,93.9740264893,92.3649475098,92.9937141823,93.2442779541,90.5816395129,5086.0,94.0905441284,93.9382072449,91.1922678418,93.4615524292,91.4215287548,93.0194442749,90.3662010193,90.9520126343,92.5135925293,92.4997558594,91.3835258484,91.1859525045,92.1162887574,91.0805107117,93.7410642591,94.0280380381,93.8913633304,93.0,5086
110.532691956,114.472927093,110.324707794,112.223606872,112.805628777,111.634968567,108.441649882,114.189044558,113.577267456,112.113101196,114.077798243,110.636335754,114.319307709,111.825888061,113.095003469,110.713096619,109.35496497,5097.0,114.495280457,114.596129608,109.30910093,110.780897522,111.26469578,111.593224335,109.434314473,112.567943573,111.865789795,111.901378632,110.447146606,111.175176239,111.908761597,110.362122345,113.626287227,113.57351209,114.048230799,115.75,5097
110.834280396,118.438246918,110.229091644,112.616482544,116.375662804,112.525053406,111.086742147,115.074393963,113.463989258,112.489648437,117.425063869,111.100718689,119.194134521,112.05450592,112.065174677,110.987997437,110.488953572,5119.0,118.969082641,119.927667999,110.613084404,111.691769409,110.847271182,112.098143768,112.058796946,113.292366791,112.370353699,112.164809418,111.641962941,113.139467367,112.360935974,110.2365242,119.083982889,118.868500574,118.375580066,110.0,5119
93.9974243164,88.2293029785,91.5091270447,94.4281585693,91.3317790985,94.2704025269,90.2005424499,92.8739021564,91.9628555298,94.5098937988,96.214445114,93.4113204956,88.7074493408,94.1427764893,95.618150679,93.690007019,94.7740922526,5140.0,89.4395599365,88.823135376,95.5135958299,93.5882141113,94.9917145611,94.4057922363,92.0016492208,88.7373435974,94.4189834595,94.100592041,92.0556371053,91.9831797282,93.9512634277,90.9836555481,95.0007217632,95.7780311406,95.851205738,89.25,5140
93.7573242188,100.244817352,92.2001373291,94.4399642944,93.3944538117,94.0752532959,90.8870282491,93.5519719617,93.9885482788,94.33099823,96.4256402588,93.4722106934,100.483522034,94.1542098999,95.1507740368,93.6395248413,97.0762558155,5177.0,100.702489471,99.6798873901,98.3200949442,93.7912521362,95.4362243214,94.1112716675,92.2237871806,95.4245559692,94.1576522827,93.9653900146,91.9145896912,93.3783498128,93.7986907959,91.8736450195,97.0347466662,96.6720155064,96.3985153925,109.75,5177
93.8346221924,93.8140693665,91.6281700134,93.842741394,92.0893936157,93.5594848633,91.1312204997,92.1597074311,91.8519172668,93.8779708862,93.4306038005,93.425289917,93.7461975098,93.4836120606,93.8087098858,93.474420166,95.6784324971,5183.0,93.5457443237,94.5030166626,96.1141156694,93.3323699951,94.4669627985,93.3612564087,90.8706497192,90.332988739,93.5153808594,93.4099082947,91.9192489624,91.4191843669,93.2276306152,91.0155456543,93.492041913,93.3178508672,93.4494562868,92.0,5183
107.800840759,101.960575867,101.664917755,103.995870972,101.411366081,103.760984802,100.361343892,103.177118236,103.904870605,103.901935577,102.641935475,106.461256409,102.416931152,103.853599548,103.770994832,106.67850647,102.594270139,5278.0,102.707502746,100.955149841,102.620142589,105.422853089,103.867731664,103.920262146,100.138075002,102.770539856,103.891082764,103.79299469,101.260248566,100.941384125,103.771037292,101.533607483,101.382861401,101.657530515,101.795044177,105.25,5278
93.3155380249,94.6804229736,91.6534942627,93.753427124,93.5571626663,93.5171508789,90.4493601481,93.2879828091,92.8672782898,93.7135551453,94.3320616895,93.3277679443,94.5398017883,93.7751739502,93.6782821778,93.3817871094,93.0116131803,5321.0,94.9007347107,95.1442329407,93.772551895,93.3767715454,92.788827545,93.2580108643,90.8035939535,92.1557777405,93.4514785767,93.0981468201,91.2459518433,92.014553833,93.4784133911,91.573790741,94.3939120329,94.1562922381,94.292811236,89.0,5321
111.17664032,115.572154236,110.453588867,112.23581543,117.256419372,112.253044128,110.212640889,114.936102768,113.272979736,112.459288788,114.915031247,111.747996521,116.674251556,112.210345459,113.260940982,111.544692993,110.908406349,5327.0,116.023651123,115.531279755,110.7140956,111.475939942,112.059987993,112.166667175,110.438259379,113.98949585,112.471310425,112.504644775,109.679310354,111.431736755,112.206771851,110.200363159,114.578490623,114.448910421,114.345937783,130.0,5327
110.896324158,112.745297241,110.358242798,111.449380493,112.532439041,111.207183838,110.025658162,111.343785516,113.425121307,111.524303436,111.945672836,111.45319519,112.606745911,111.41197052,110.290932279,111.834809876,108.096304152,5411.0,112.738105774,113.124241638,108.213244263,111.934513855,109.070316211,110.970940399,109.918926748,110.470890808,111.456396484,111.273478699,110.251944733,109.400124105,111.102297974,110.064482117,111.900829934,111.797019067,111.682482887,109.0,5411
94.4800094604,94.4440032959,91.531312561,93.4244232178,93.000453186,93.5045639038,91.5125653585,93.2109296075,92.3932899475,93.7338348389,94.0156781606,93.8007156372,94.3518028259,92.594883728,93.424507316,94.2392944336,94.9464411556,5525.0,94.5500953674,94.4496910095,95.1257909175,94.0793930054,94.1363188235,92.6756454468,91.4051651001,92.0943656921,92.8969497681,92.3047546387,91.506510671,92.3845870972,91.9733917237,91.3892936706,94.1634053752,94.2522475707,94.2227778308,100.0,5525
104.437391663,105.769594574,101.725189972,103.949650574,105.329193497,103.545810699,101.855546824,103.656814575,103.076034546,103.875836945,105.434630902,103.341082764,105.343849182,103.481846619,104.644115343,103.990449524,106.615673836,5542.0,105.710565949,105.310485077,106.367502688,103.23840332,104.944191181,103.150499725,101.530134074,102.209397125,103.735478211,103.18360672,102.436108653,101.438911692,103.195297241,102.156108856,105.660377109,105.836450659,105.746879518,100.25,5542
111.508280945,113.522244263,110.569042206,113.557301331,115.806798935,114.013788605,109.193687185,117.506083258,113.847953033,113.431156921,114.139478318,113.885494995,114.024481201,114.84763031,112.565301192,113.322994995,110.683482325,5546.0,114.234340668,113.207189179,110.450267699,116.422201538,111.64916897,114.918238831,109.65825882,118.91541214,113.524519348,115.336509705,110.837798818,111.620261637,114.722883606,110.195001984,113.691220612,113.724426883,113.732986555,125.25,5546
104.656690979,105.636027527,101.260744476,104.389167786,102.230604553,104.628046417,103.823465474,103.423077287,103.651818848,104.543238068,103.415966718,104.602259826,104.821681976,103.991040039,104.976167435,104.919607544,104.800454726,5604.0,106.446176147,105.931417084,105.06329673,104.623356628,105.247602447,104.196979523,103.011274974,103.369838715,104.139138794,104.097973633,102.443690745,102.411710103,104.033482361,101.99881897,103.272312376,103.762209674,103.891369248,108.25,5604
111.547712707,113.970668793,110.377692413,113.470054626,115.805171776,113.105057526,111.183535767,115.377409573,113.835855865,113.338415527,114.13344283,115.153704834,114.224663544,114.745857239,112.29490854,113.206546021,110.610221192,5659.0,113.953013611,114.119766235,110.479395328,117.095689392,111.567100831,114.529402161,109.694495901,116.770652008,112.852050781,116.191018677,110.772491455,112.247637177,115.350543213,110.15555191,113.737338925,113.750371688,113.52374474,124.75,5659
110.653955078,112.884202576,110.515596771,112.370617676,111.489367676,112.036062622,111.490061696,114.66758386,113.969780731,112.283532715,112.496750947,111.305995178,112.796266174,113.129194641,111.068950782,111.323225403,110.41087315,5775.0,112.861732483,111.844949341,110.042620997,111.904530334,110.418858844,112.326082611,110.914192454,113.990585327,112.841809082,112.518710327,111.05737915,111.263426463,113.063938904,110.443696594,111.745959378,112.113536522,111.887337118,108.75,5775
111.316818237,123.371945953,110.408624268,118.355828858,118.234211731,116.099964905,111.793725077,118.143787516,113.755220795,117.911561584,119.753888363,112.450727844,123.704665375,118.365823364,115.466392452,111.931414795,109.031422478,5798.0,123.655834198,123.087084198,108.897552961,114.060739136,111.148088654,117.522496796,112.31097997,116.409263611,118.858177185,117.836470795,112.480995178,114.239274088,117.475624085,110.369693756,118.986160713,118.084905389,117.6648269,113.75,5798
93.1904022217,97.7357162475,91.4828018189,93.9896865845,98.5491771698,93.6596099854,92.1826148987,95.6576753813,98.9042366028,93.9164550781,95.2870663654,92.9339904785,97.2965087891,93.6912658691,91.566423276,93.1552886963,89.8579327072,5799.0,98.0425994873,98.0047645569,90.0586022007,92.9608123779,90.447631382,93.8695991516,91.8838874817,97.1336685181,93.7950531006,93.7078742981,93.1507448832,95.4410463969,93.5236022949,91.3871490479,96.1077166765,95.9094326552,95.4027486143,111.5,5799
91.0897766113,64.3696655273,77.4672172546,82.1638015747,77.4599220276,82.362361908,74.4416552226,78.4209613142,78.1309532165,83.4102287292,76.6939979753,88.1441772461,63.8855052948,82.5921386719,82.8865126605,90.0026031494,88.9014259436,5821.0,65.7018203735,64.4894527435,89.4825333473,86.8937179566,85.3910698464,82.5787574768,76.8492828369,75.7042396546,82.2713119507,82.9593986511,75.4794995626,77.5152755737,83.9229568481,76.7517662048,77.3136710124,77.815895306,78.1718362853,74.5,5821
93.0292785645,94.7746528625,91.7491096497,93.3852416992,95.6153474808,93.4439735413,91.5392819723,94.3151784437,93.6722190857,92.9875961304,93.7705945999,92.376435852,94.8022872925,93.7148223877,90.4145176174,92.7585113525,88.1501614231,5922.0,94.6338432312,94.4800582886,89.0828175345,93.1543289185,89.2705090673,93.3331932068,92.9077812195,94.912601471,92.8154037475,93.9698310852,93.284769694,93.4383102417,93.5007476807,92.3730575562,94.3616355882,94.0992191126,93.6332835084,92.75,5922
94.299079895,89.8442481995,91.4437675476,94.320640564,92.6593158722,94.256439209,91.683821106,91.9343861547,91.8720634461,94.4023834229,93.950775487,93.9304626465,90.08957901,94.0040710449,95.9497822609,94.5180847168,95.501704919,5993.0,89.9003494263,89.3015487671,95.9109470755,94.4618774414,95.6926188706,94.0711326599,90.8494181315,88.3306480408,94.1697418213,94.0897727966,91.6518356323,90.9750386556,94.1800842285,90.6033493042,93.8483625712,94.5745361424,95.2751785611,90.25,5993
111.101818848,119.432342529,110.37080307,114.83099823,117.948236465,113.737924194,112.020379384,116.828081591,114.229908752,114.308552551,118.903537717,111.498492432,119.601927948,114.511312866,114.42931642,111.510447693,110.087844638,6039.0,119.77501297,119.215740967,109.692067666,111.974720764,110.608229164,113.362491608,112.399745941,116.374071503,115.172366333,113.451998139,111.824127706,113.304725647,114.696168518,110.122457886,118.056548734,117.435781304,116.80825994,112.75,6039
94.1869445801,95.1906318664,91.6681465149,93.3709014893,93.1343173981,93.1622085571,90.9006192525,93.4068148383,93.0492927552,93.7657653809,93.8963459902,93.5396957397,94.9519805908,92.7421463013,93.014346597,93.8879516602,94.7898378553,6077.0,95.2440322876,94.9193305969,94.8999318067,93.6810150147,93.8887200802,92.8700691223,92.2710467021,93.6806442261,93.2650787353,92.826852417,91.8882466634,92.2843882243,92.6265579224,91.3104995728,94.0775841875,93.6272239249,93.9759937099,113.5,6077
110.736198425,112.1125,110.452301025,111.355612183,113.693483925,110.946961975,109.498177592,113.122120561,113.443665314,111.331393433,112.454068457,110.912866211,112.430658722,111.137695313,110.717032887,111.311825561,108.918293395,6147.0,112.688263702,112.114431,108.763243464,110.974473572,110.235409685,110.746587372,110.949560038,108.625593567,111.092468262,110.78890152,110.17062149,111.863424937,110.816470337,110.182182312,112.611245206,112.590275528,112.177037893,105.0,6147
93.3793533325,89.6563247681,91.5474082947,92.8007507324,92.528842926,93.0333572388,89.9896069845,93.6949447106,92.9837562561,93.4743057251,92.908024173,93.2285934448,90.4930679321,92.6531585693,92.3856101856,93.2943313599,91.9480947151,6167.0,90.2164024353,90.4228546143,92.8410184938,93.3419082642,91.8556547337,92.4627059937,91.7222483317,89.4594909668,92.704385376,92.5524887085,92.6495018005,92.9958155314,92.3572341919,91.2544548035,92.9164477017,93.5431396447,93.830893146,107.75,6167
110.113000488,115.379035187,110.448004913,111.976419067,113.233140564,111.608707428,109.176436361,112.813799365,113.507400513,111.752142334,111.959473616,110.306611633,114.97196579,111.651724243,110.255827596,110.512718201,108.79806232,6232.0,115.751683044,115.511402893,108.417011588,110.281896973,109.580193637,111.437138367,109.770384216,113.757885742,111.662200928,111.403720856,111.126235962,110.962136841,111.404858399,110.231387329,112.506813006,112.180997783,111.78967136,110.0,6232
93.0040115357,90.9566360474,91.5377235413,92.2300918579,92.5107631683,92.2518127441,90.8701756795,92.3031116354,92.1322555542,92.5677436829,92.6728673974,92.8069671631,91.5334495544,91.8258239746,91.6167732689,93.0126068115,90.0240172366,6257.0,91.1443183899,90.724559021,90.4098853055,92.6349472046,90.6169386791,91.9004486084,90.7140083313,91.6304733277,92.1619659424,91.8276237488,90.8489601135,91.5059450785,91.5945343018,90.7582717896,91.8746275394,91.6056406527,91.7898088571,97.75,6257
87.7355102539,77.4958717346,77.203553772,79.9233932495,78.9774833679,79.5535522461,77.4247197469,79.9564137952,78.1441741943,79.8043449402,85.0213485968,82.6953338623,76.6590270996,79.0488876343,86.5054493741,85.0069366455,89.7967148984,6303.0,77.6741714478,77.0228538513,89.5204293917,81.506578064,85.913672487,78.9925804138,78.1420326233,77.1278839111,79.1087265015,79.239276123,77.3608609517,78.2746243795,78.8708084106,76.6325805664,84.9557571792,85.2251373815,85.6829035601,77.25,6303
93.2651885986,90.9368934631,91.508493042,92.6225311279,92.0490327835,92.6652816772,91.6746528625,92.9720606311,92.309715271,92.8779388428,92.2092821042,92.8938400268,90.6543968201,92.2983322144,91.2912946791,93.0295455933,90.1730291439,6307.0,90.3958381653,90.7909492493,90.5789839645,92.8139480591,90.6774809411,92.3698181153,90.8204488118,92.6177009582,92.3554199219,92.4873283386,91.8523295085,91.7162475586,92.2129745483,91.0764205933,91.9916551166,92.3050697636,91.9052674859,83.25,6307
103.895869446,103.455775452,101.274060059,103.101283264,102.18918972,102.733384705,101.600655874,101.602200738,102.538459015,103.056391907,102.222766598,102.59756012,102.783924866,102.552905274,105.159158125,102.934315491,106.58371034,6396.0,103.11532135,103.535364533,105.959298662,102.164320373,106.793720461,102.409680176,100.849830627,100.506085968,102.844082642,102.165000152,100.793350728,100.134819285,102.222702026,101.730171204,101.882102109,102.053930029,102.231763513,98.5,6396
94.1918609619,94.664112854,91.6315895081,93.4847503662,91.700100708,93.4474624634,90.2278523763,91.6809900218,92.0439437866,93.7874137878,94.7212402727,93.4637878418,94.8192115784,93.0298431397,94.9515499971,93.6123062134,96.1524833409,6628.0,95.1470230103,94.9303283691,96.4998498072,93.1561782837,95.9162767412,93.3199401855,91.0541310628,92.7000205994,93.3807052612,92.9909194946,91.6985229492,91.9445116679,92.7954467773,91.4062507629,95.1039578129,94.9683006616,95.1715553027,90.75,6628
93.8684356689,96.1694824219,91.5455429077,93.6030258179,93.6876802445,93.769430542,91.633782196,94.6567719558,93.1327110291,93.7276817322,94.2861116053,93.4723754883,95.925176239,93.3213409424,92.99378778,93.6240615845,91.9149193616,6754.0,96.2071525574,95.6656188965,92.0359963074,93.8825454712,92.311892352,93.7469520569,91.9101506551,96.3930473328,93.4985412598,94.2505516052,92.3566591899,93.241742452,93.4417282104,91.3081039429,94.1920114082,94.3402997287,94.1700714283,86.25,6754
110.422821045,108.519813537,109.603307342,110.636280823,110.917270088,109.989969635,106.690066528,108.858800428,112.123150635,110.542160797,108.445548956,109.864520264,108.538417053,110.106686401,109.175796589,110.308094788,108.709466514,6776.0,108.488619995,107.989670563,108.360435732,109.768267822,109.286607263,109.918024445,107.2008166,105.672171784,110.457487488,109.638291931,108.400518036,107.898526509,109.849320984,110.145641327,109.622270304,109.700833283,109.604547084,106.5,6776
93.7993743896,91.4908065796,91.3920913696,92.943838501,90.4618923187,92.8564872742,90.8511606852,91.7694915245,92.4070831299,93.0193656921,93.3664719525,92.999987793,90.6612884522,92.5752120972,92.5369472868,93.3004013062,93.0221404041,6789.0,91.2355728149,91.4149024963,93.7379169322,92.9402709961,92.4954398577,92.5265304565,90.7561871847,89.5133346558,92.5516113281,92.6137870789,91.3449498494,90.8941581726,92.5411758423,91.3009437561,92.7818435411,93.2758720444,93.163578348,95.5,6789
94.1325836182,90.9399475097,91.7730606079,93.148008728,94.3331035614,93.2313156128,91.6686113993,94.4492055959,95.1770874023,93.2800331116,93.5884228475,93.5059890747,91.7963806152,93.4099029541,93.6141918388,93.4378326416,93.5328118226,6892.0,91.9608947754,91.6071960449,94.0454387171,93.2580459595,93.6684344659,93.053326416,92.2355514526,97.5780197144,92.8479415894,93.163494873,92.2058481852,92.3570826212,92.9349105835,91.4763702392,93.7149702758,94.3731844717,94.623041975,87.0,6892
107.689720154,120.13867569,110.154148102,109.712284851,114.799747086,109.611026001,109.071073405,113.174086209,113.582978821,110.006674957,111.838498414,107.645742798,116.754476929,109.742736816,110.778953032,108.360664368,104.938230771,7000.0,118.395019531,119.891451263,103.511600212,107.358070373,109.33769217,109.864540863,111.257396189,112.469456482,109.277539062,109.646073913,110.373942566,111.319156901,109.936256409,110.118119049,112.621489591,111.465052109,110.201737724,116.75,7000
93.7186553955,94.3880859375,91.5637420654,92.6471420288,92.2988397598,92.8202659607,91.2331164042,93.4471496056,92.3267311096,92.9040313721,92.4765987821,93.2347183227,94.2924682617,92.4785003662,92.8183165859,93.3557678223,94.9300608817,7077.0,94.1246803284,94.5953048706,95.5998600318,93.0263580322,93.4585929355,92.7404884338,90.8906906128,91.9534370422,92.639201355,92.6822555542,91.6139584859,92.6285980225,92.5552703857,91.1001533508,93.4623243105,93.3157012398,93.3861882092,98.25,7077
104.110934448,107.532940674,101.756732178,103.22091217,105.415583229,102.659042358,101.982327525,105.49833232,104.126776123,102.941491699,105.233869756,102.317671204,108.099287415,102.537512207,104.290626215,102.953456116,106.660106972,7097.0,107.407106018,107.908885956,105.833609041,102.40619812,105.590858528,102.438263702,101.721655782,107.600284576,102.895692444,102.214852142,102.390675354,102.769761658,102.959797669,101.338368225,106.019092118,105.83464454,105.693524302,98.75,7097
92.9919250488,87.5221191406,91.5365974426,91.4838317871,91.6371118546,91.5383674621,91.0908284505,92.2548438763,92.2465133667,91.9466056824,90.9179530911,92.5771011353,87.8029716492,91.2048797607,90.9381411907,92.7318038941,89.6949437938,7139.0,87.7704986572,88.6016960144,90.1817852242,92.3730072022,89.987670463,91.4180152893,90.781321462,91.2655860901,91.1966079712,91.1724739075,90.7040105184,91.3183690389,91.0590393067,90.8362953186,90.3529110146,89.9669337601,90.0181488289,93.25,7139
103.269975281,99.5207366944,100.943467712,101.673500061,99.2533262253,101.216433716,98.703864034,99.3362289955,101.490815735,101.628452301,100.891473482,101.614270019,99.6697814941,101.053001404,102.811222588,102.580581665,105.521490166,7142.0,99.1904037476,99.824105072,105.459243506,101.300782776,103.921721221,100.857351685,99.0632489522,99.0906311035,101.413130188,100.606342316,100.755182648,98.7385546366,100.646859741,101.752454376,100.290435885,100.733210633,100.75905156,104.25,7142
111.12303009,107.656092834,110.419812775,110.860968018,107.712929153,110.368526459,109.017487081,108.267092475,110.676515961,110.79945755,109.429152764,111.22403717,107.375815582,110.771508789,110.533640967,111.126296997,109.824517659,7162.0,108.464311218,108.241750336,109.080673954,110.940405273,109.940458051,110.770616913,107.535117086,106.399057007,110.812004089,110.64439621,107.785334015,106.400933329,110.520281982,110.06414032,107.743506248,108.12699185,108.021312305,107.5,7162
111.497293091,109.846603394,109.603990174,110.026445007,110.519775391,109.871178436,108.78361791,110.604274881,113.664990997,109.938908386,107.220165337,111.99019165,109.919248199,109.791149902,107.855306002,112.80749054,107.275435181,7310.0,109.309580231,109.771791077,106.714439852,110.040794373,108.202823524,109.609751129,109.504220327,112.320690918,109.943153381,109.695215607,109.184117126,109.223923238,109.702210998,110.193031311,108.200820974,108.204813414,107.816564387,110.5,7310
93.8039428711,92.2078063965,91.3997070313,92.7150222779,90.9308462143,92.5282745361,89.9810554504,89.2634632505,91.5087234497,92.7296585083,90.8459910763,92.9951263428,91.545665741,92.2420120239,93.1645171737,93.261277771,95.2505240323,7332.0,91.6502304077,91.918914032,96.7180253943,92.7028564453,93.9151931812,92.3587249756,90.8521143595,90.9134315491,92.5554138184,92.1063896179,90.234055837,91.1011723836,91.9584503174,91.241166687,89.1947388127,89.4772013196,89.9413584378,115.0,7332
93.0985336304,88.5553657532,91.5965766907,90.5676712036,90.0239013672,90.6427848816,89.5035041809,90.228477478,91.8817253113,91.1393249512,90.1918956031,92.7532196045,88.6411720276,90.2436660766,89.3246520838,92.9424255371,89.0348212698,7354.0,88.2153060913,88.2554771423,89.5081453269,92.4798782349,88.7062838294,90.3056617737,90.3110855103,85.6341049194,90.4891159058,90.0597351074,90.62795283,89.9843437195,89.8769241333,91.1600456238,89.3694447795,89.2343950581,89.2777789484,88.0,7354
86.9660461426,77.8576957703,77.3517219543,77.3477981567,77.4029258728,77.2911399841,75.8940605164,78.8388869187,77.6648643494,77.5254180908,77.4450141142,82.228489685,77.7504127502,76.9679367066,76.4766971717,84.310244751,77.9885988528,7493.0,77.6595336914,77.6738479614,79.6556414955,80.3025238037,76.605169891,77.2362953186,76.9913874308,75.9064674377,77.1295852661,77.1443054199,75.6229286194,76.4094184876,77.0704116821,76.6512313843,77.7972616287,77.7825035689,77.849761578,77.5,7493
110.365499878,114.575908661,110.29556427,110.061045837,114.150481796,109.982901764,109.964328003,112.72868163,113.766490936,110.098747253,113.448980553,110.171261597,114.667980194,109.761384582,110.541773119,110.286869812,109.484807106,7559.0,114.343466187,114.238813019,108.726291826,109.9421875,109.961227612,109.868595123,110.020058187,110.83771286,109.799993897,109.655535126,110.738063558,111.055100505,109.735958862,110.104813385,113.769115722,113.708206221,113.509948566,136.75,7559
93.7554046631,94.9479972839,91.8107696533,92.6347000122,94.0017108917,92.4352172852,91.6377901713,94.4718251722,93.8112518311,92.6702941895,93.0791408283,93.0665634155,94.4061058044,92.4895172119,93.8293106536,93.4175292969,94.4656077724,7681.0,94.4137428284,94.4509643555,94.9348152641,92.7461273193,94.4553449208,92.4540603638,91.7987215678,94.4018684387,92.7519271851,92.4483482361,91.8050031026,93.4172182719,92.6194580078,91.3859184265,93.2056908533,93.1597948143,93.1005499215,92.25,7681
107.595983887,118.091468811,101.74225235,107.176991272,109.897072029,105.830670929,103.822666931,108.809499543,103.681781769,106.58717804,108.22637968,112.798664856,116.86852417,105.031947327,105.395960729,110.867817688,105.564561666,7689.0,115.291191101,118.055575561,105.200552632,113.600544739,105.727603716,105.502127838,104.431229401,107.073415375,105.588566589,105.361142731,104.628404999,105.135758464,105.414169312,102.438565064,108.109893146,107.570267271,106.925599131,95.75,7689
93.9360198975,90.5349327087,91.6504501343,92.2244735718,91.181022644,92.3335105896,90.7510795593,91.591217041,92.0472839355,92.5863204956,92.2117233811,92.9909179688,90.7186485291,92.3940460205,93.8142728147,93.2685424805,95.6193573439,7706.0,90.9819129944,90.3755027771,95.4198242345,92.7428497314,94.7691289979,92.1017410278,91.0498311361,90.2134773254,92.2375579834,92.2622489929,91.6324206034,90.8140914917,91.8095474243,91.0150146484,91.5540832068,91.524506514,91.6957283002,87.25,7706
94.0835098266,93.6737266541,91.7520713806,93.068081665,94.352932167,92.8402824402,92.0325449626,93.539556306,92.9206817627,93.3308631897,93.6087418008,93.603125,93.5194786072,92.0556854248,94.4752437614,94.0703140259,96.2288261661,7749.0,93.9272094727,93.8732528686,96.5485556699,93.8857009888,95.8830885225,92.5412635803,91.618149821,90.6163383484,92.482685852,92.015738678,92.0188649495,92.4972368876,91.6707550049,91.149269104,93.7322922766,93.9832108812,93.8556518975,87.75,7749
110.522850037,107.813928223,110.571121216,110.024067688,110.532930374,109.867398834,109.084808858,109.426716509,113.219273376,110.233112335,109.993254006,110.606939697,107.106932068,109.870135498,110.684216852,110.858157348,108.787729281,7784.0,107.627467346,107.535849762,108.370991501,111.159390259,110.470375159,109.828691864,109.4991539,107.364839935,110.053530884,109.801259613,109.760799154,107.937949626,110.218650818,110.267514038,110.251089718,110.322179788,110.343304553,103.5,7784
94.3732421875,93.8255996704,91.7503684998,92.6412475586,93.6276432037,92.6560394287,92.063860321,93.803346042,92.3312278747,93.286643219,93.4344608026,93.4341308594,93.4889190674,91.8133331299,94.2911949326,93.8063140869,96.2821548805,7953.0,93.8634361267,93.456942749,96.4938815592,93.8154708862,95.8055334479,92.1303779602,91.7429672241,90.8202888489,92.3709533691,91.8893959045,91.9577232361,93.6235534668,91.3411392212,91.2891197205,93.8237013672,93.7634608806,93.7705030068,88.75,7953
94.0179046631,88.9935791016,91.8062896729,92.7787185669,91.0664819717,92.4730354309,92.1043635051,92.4034763205,91.8884185791,92.7166007996,91.9929058927,93.7114746094,88.9185760498,91.9136428833,94.2461616971,93.6213317871,94.1086335045,8040.0,88.5886116028,88.9794441223,94.3653788569,93.5785339355,94.2253666771,92.4545730591,90.7482192993,90.5222000122,92.5655151367,92.0789215088,91.5870984395,91.6688240051,92.4039627075,90.9848999023,92.1646014306,92.7358548821,93.1339321807,89.25,8040
87.595652771,76.1097221375,76.768711853,77.0058425903,77.476616478,77.1711982727,74.2211934408,78.4920554326,77.4078796387,77.2496604919,76.4176016706,83.2367919922,75.2402244568,76.6680175781,76.2279421822,84.8308959961,78.529710042,8060.0,75.4986289978,75.3302864075,80.1419167932,80.695968628,76.9233984172,77.0681175232,76.1857559204,76.6337806702,76.8623840332,76.9630516052,75.8717221578,76.7420463562,76.8950698853,76.7121673584,75.1264334286,75.739919468,75.472874387,74.75,8060
93.9779388428,91.4937950134,91.5810928345,92.9130142212,95.452677536,92.8085342407,93.5660051982,95.7029987204,95.8839584351,93.204989624,92.1969469449,93.2557815552,91.4643356323,92.9235443115,92.7051332924,93.6181869507,93.8589486857,8105.0,92.0205917358,91.7615379334,93.9242242684,92.948840332,93.4212363762,92.9507751465,92.607698822,94.417578888,92.689074707,92.8533027649,92.9296844482,93.5150344849,93.2374954224,91.6449325561,91.9128035626,92.0908443973,91.9734703012,95.5,8105
93.9948913574,91.4407791138,91.5345191955,92.9205688477,94.8461437226,92.7705474853,93.5581682841,94.3752572948,94.3413131714,93.0270362854,92.3474538814,93.3477294922,91.2900306702,93.0456558227,92.5933400874,93.6300354004,93.5375501156,8114.0,92.0368370056,91.6645332337,93.6990044952,92.9902267456,93.2546100878,93.1593109131,92.9679298401,94.9919891357,92.6173049927,93.3582206726,92.4988390605,93.3083023071,93.1725357056,91.2080131531,92.260501923,92.2858295275,92.3704922079,93.5,8114
107.717010498,110.184250641,110.522328949,109.152328491,106.466258621,109.599745941,108.0471138,112.338427576,113.773413086,109.781661224,109.529138492,108.286985779,109.412854767,109.170262146,109.867195868,108.253271484,104.870131781,8123.0,109.502341461,110.107360077,103.634580861,108.612501526,109.075592952,109.359267426,108.552343241,111.597921753,109.178923035,109.199892425,108.543483988,108.477762095,109.154814148,110.440332794,108.571570362,108.518929518,107.961077408,106.0,8123
110.66867218,108.518154907,110.321823883,109.227088928,107.355978012,108.899192047,106.44173406,110.438470775,111.49021225,109.34628067,108.506381105,110.112297058,108.717506409,108.413630676,109.13037865,110.404389954,107.140323348,8130.0,108.330690002,108.410440063,106.938457686,109.490830994,108.637344067,108.85989685,107.35921936,106.199523163,108.883518982,108.319944,108.012474823,106.837239329,108.304022217,110.09254303,108.418613481,108.852291087,108.653762838,109.5,8130
87.4687835693,75.222252655,77.2855651855,77.1376693726,77.0274652481,77.4241973877,75.3867192586,78.1438535493,78.4547477722,77.370111084,75.8693268901,81.4120361328,75.573550415,76.8641418457,76.3944737533,83.8969558716,78.0883827388,8209.0,75.5259765625,75.1355163574,79.7748029378,80.5619796753,76.4817021036,77.1488014221,76.4084111532,76.218119812,77.118232727,77.1878753662,76.0203000387,77.2732126872,76.9524398803,76.6284858704,75.8329121474,75.7801462034,75.8696042715,73.25,8209
94.4913269043,91.5811576843,91.5601173401,92.5678237915,91.582518959,92.5137741089,92.2516957601,92.6790592588,92.5156509399,92.8495231628,91.9828265264,95.6031768799,91.4008743286,92.0603561401,93.7803870701,96.1909194946,94.5689477932,8227.0,91.5029800415,91.5757774353,94.5176139114,96.2722106934,94.1075059206,92.3678855896,91.6028765361,89.7446517944,92.4728790283,92.3745063782,91.7123331706,91.9987019857,91.7904815674,91.121018219,92.6532605172,92.5230666829,92.5431835111,88.25,8227
93.1310760498,90.0796691894,91.470879364,91.1378005982,90.4038351059,91.3436157227,90.0528666178,91.7284751103,92.1648490906,91.7675071716,91.1557293785,92.6928573608,89.3563400269,90.9788253784,90.884765561,92.9467147827,90.4994197501,8262.0,89.6812141419,89.9640167236,91.3923905567,92.4863220215,90.2064107707,91.2342933655,91.1422683716,88.6286109924,91.1750762939,91.1686447144,91.3727778117,91.906791687,90.7996505737,91.1507881165,90.9575875938,91.2092313341,91.3983656249,93.5,8262
109.294242859,108.604341888,110.320500183,109.259539795,111.56774292,108.786872864,108.93156306,110.005089069,110.942559052,109.23996048,108.638327616,108.89670105,108.639888763,108.85206604,108.784471835,109.031098938,109.661241935,8310.0,108.282371521,108.490679169,109.322955787,108.887773133,109.022318115,108.476008606,108.737177022,107.424652863,108.975987244,108.814244842,109.104330953,109.289178213,108.709541321,110.385137939,108.976582305,109.124153194,108.859140499,108.75,8310
110.49528656,107.555617523,110.387952423,110.054573059,109.367486191,110.008576202,108.597869364,109.678434964,109.890203095,110.145648956,108.804059601,110.409960937,108.346446228,109.592437744,109.689909182,110.482199097,108.672438505,8368.0,108.004491424,108.125366974,108.016100501,110.945256042,109.266396897,109.595007324,108.598510488,105.2425354,109.930891419,109.204521179,107.912381236,108.130913544,109.084422302,110.175996399,108.034077759,108.094508342,108.02114105,109.0,8368
93.913331604,95.1263885498,91.8826934814,93.6352233887,102.466591072,93.2949676514,91.7750648499,93.7095855187,93.0563873291,93.889604187,95.4468238741,93.6482009888,95.8032524109,93.0685165405,95.0179595506,93.5292800903,96.0669728723,8392.0,95.3885444641,95.4022613525,96.1834703035,93.7547805786,95.8137023514,93.53204422,92.118187205,94.2713409424,93.4411514282,93.4238197327,92.7655184428,92.8014890035,93.9156326294,91.383895874,95.8243194653,95.56811336,95.5083120777,89.25,8392
